State,Year,Total_co2_emission,Average_Price,resident_population,Total_energy,Total_renewable_energy,,
US,2007,5919.121363,18.34,301231,71224772,5540051,,
US,2005,5893.552285,15.57,295517,69478650,5657879,,"State,Year,Total_co2_emission,Average_Price,resident_population,Total_energy,Total_renewable_energy"
US,2004,5873.565342,12.9,292805,70259294,5576869,,
US,2006,5822.296551,17.4,298380,70616450,5870434,,
US,2000,5797.902868,10.33,282162,71296592,5868518,,
US,2003,5777.692218,11.44,290108,69906269,5541011,,
US,2008,5726.287029,21.53,304094,73006805,5817151,,
US,2002,5725.245815,10.1,287625,70714263,5422726,,
US,2001,5685.468162,10.78,284969,71702773,4911635,,
US,1999,5606.000407,8.58,279040,71651776,6305710,,
US,1998,5562.034442,8.22,275854,72916246,6290261,,
US,1997,5540.323209,8.83,272647,73032371,6827986,,
US,2010,5514.297402,18.92,309326,74692403,6344556,,
US,2011,5382.449527,21.86,311580,77859295,7194676,,
US,2014,5350.26544,21.33,318386,87613590,7670927,,
US,2009,5313.844121,17.26,306772,72679848,6054468,,
US,2013,5301.451176,21.42,316058,81705691,7445307,,
US,2015,5207.386647,17.3,320743,88197690,7488974,,
US,2012,5162.563034,21.83,313874,79131447,6936925,,
US,2016,5160.99085,15.94,323071,84247690,8053314,,
TX,2016,653.821691,12.5,27937,17079792,645737,,
TX,2002,651.131551,7.96,21690,9293524,121027,,
TX,1998,647.354814,6.08,20158,10144307,110071,,
TX,2000,647.330647,8.74,20944,9703693,96071,,
TX,2003,644.933595,9.76,22031,9303094,115456,,
TX,1997,641.286216,6.9,19740,10220538,122666,,
TX,2001,640.639196,8.86,21320,9527360,96535,,
TX,2004,637.837982,11.41,22394,9180382,120812,,
TX,1999,623.391844,6.71,20558,9544693,93993,,
TX,2013,620.003757,19.1,26489,15678239,448021,,
TX,2015,618.551402,13.69,27487,18100356,526098,,
TX,2014,618.026214,18.93,26977,17638649,486452,,
TX,2006,611.268529,16.78,23360,9725664,152231,,
TX,2007,608.590975,17.79,23832,10320336,191762,,
TX,2005,601.565397,14.72,22778,9405375,137516,,
TX,2011,595.184034,20.53,25646,12576777,395241,,
TX,2012,590.116325,19.26,26090,14196888,406314,,
TX,2010,576.234698,17.41,25243,11415465,354583,,
TX,2008,574.867435,21.71,24309,11330452,272381,,
TX,2009,541.13013,15.75,24802,11099823,272327,,
CA,2007,397.347483,20.15,36250,2617351,619334,,
CA,2006,392.227025,19.4,36021,2799909,816337,,
CA,2004,386.797263,15.17,35575,2761999,696234,,
CA,2005,383.748295,17.46,35828,2807510,738900,,
CA,2001,381.69181,13,34479,2875228,607234,,
CA,2008,381.485118,23.25,36604,2518661,590479,,
CA,2002,380.037324,12.07,34872,2925186,675131,,
CA,2000,377.223937,12.05,33988,3066949,735871,,
CA,2003,368.907884,13.83,35253,2902532,718110,,
CA,2009,368.134156,18.68,36961,2490620,639651,,
CA,2010,362.770624,21.13,37321,2526549,697991,,
CA,2016,361.354016,19.9,39209,2431124,903915,,
CA,1999,360.920382,10.04,33499,3102915,759406,,
CA,2015,360.786696,21.88,38953,2361858,719166,,
CA,1998,357.470666,9.32,32988,3190783,832334,,
CA,2013,355.993407,25.08,38281,2372246,719604,,
CA,2012,353.125564,25.13,37961,2317708,677346,,
CA,2014,352.942992,25.51,38625,2383159,721739,,
CA,2011,348.618911,24.5,37642,2632438,806477,,
CA,1997,346.807332,10.36,32486,3048183,759731,,
PA,2005,278.689569,15.66,12450,2698967,104192,,
PA,2007,275.723317,18.34,12564,2680521,105171,,
PA,2004,275.46,13.13,12411,2738355,110368,,
PA,2000,275.352414,10.7,12284,2994308,113589,,
PA,1997,275.256564,9.4,12228,2899144,114660,,
PA,2006,272.914499,17.57,12511,2675211,107197,,
PA,2003,272.753471,11.81,12375,2665769,109944,,
OH,2005,270.740485,15.39,11463,935378,54265,,
PA,2002,269.084464,10.81,12331,2803426,96600,,
OH,2003,267.547684,11.49,11435,805667,47969,,
PA,2008,267.545676,21.41,12612,2754011,114904,,
OH,2007,267.331718,17.77,11500,898873,56307,,
OH,2000,264.269557,10.42,11364,930384,79331,,
PA,1998,264.083859,9.15,12246,3033214,110544,,
OH,2006,263.545492,17.14,11481,910333,54970,,
OH,2004,262.667157,12.84,11452,914363,51268,,
PA,1999,262.381738,9.14,12264,3038150,109245,,
PA,2001,262.354272,11.26,12299,2943769,95726,,
FL,2005,260.659213,17.97,17842,501924,183175,,
OH,2008,259.921044,20.36,11515,1045923,60452,,
OH,2002,259.734751,10.37,11408,799356,38155,,
OH,1997,259.546881,9.09,11277,1095988,74188,,
FL,2006,259.143306,20.75,18167,530680,185564,,
OH,1998,257.885527,8.79,11312,1057206,67210,,
FL,2004,257.283451,15.21,17415,526187,179462,,
FL,2007,256.841926,21.67,18368,511826,190489,,
OH,1999,256.79581,8.99,11335,925533,74350,,
PA,2010,254.384712,19.61,12711,3072420,139053,,
OH,2001,253.509786,10.9,11387,951073,51101,,
PA,2011,247.200853,22.72,12745,3878979,161069,,
OH,2010,246.76384,18.08,11539,1036459,63500,,
PA,2013,246.265128,21.53,12777,5882640,182188,,
PA,2014,245.937469,21.29,12789,7148949,180688,,
FL,2003,245.931286,13.59,17004,534824,188473,,
PA,2009,242.488171,18.14,12667,2678366,126253,,
FL,2010,242.299403,22.1,18846,500472,227343,,
IL,2005,242.005413,14.75,12610,1896730,35726,,
FL,2002,241.791141,12.16,16689,552266,174327,,
IL,2007,241.581911,17.3,12696,1973705,37702,,
IL,2008,240.006206,19.87,12747,2003897,56069,,
FL,2000,239.764719,12.07,16048,567525,194952,,
FL,2001,238.58081,12.62,16357,521446,158038,,
FL,2008,238.555516,25.21,18527,544961,195231,,
PA,2012,236.423051,22.76,12767,4738426,151689,,
IN,2000,236.274136,8.23,6092,678282,35023,,
IL,2004,235.909139,12.47,12590,1900138,48278,,
IN,2003,235.13001,9.17,6197,859937,39773,,
OH,2011,235.103906,20.47,11543,1071032,65673,,
OH,2009,235.058217,16.99,11529,1044810,58756,,
IN,2004,234.515201,10.19,6233,854703,40866,,
IL,2006,233.896947,15.91,12644,1918055,31290,,
IN,2005,233.503385,12.6,6279,840792,45196,,
IL,2014,232.411904,18.87,12889,2682010,132577,,
FL,2015,232.186567,20.44,20224,545059,237162,,
FL,1998,232.039511,10.17,15487,574965,205485,,
IL,2000,231.634972,10.47,12434,1888998,47031,,
FL,1999,231.373412,10.44,15759,570597,204114,,
OH,2014,231.370205,19.78,11603,1549972,84495,,
IN,2006,231.343898,13.91,6333,845555,35505,,
IN,2007,231.193122,14.46,6380,868290,34565,,
FL,2016,230.06299,18.81,20630,551964,233163,,
IL,2010,229.930802,17.26,12841,2091364,85568,,
PA,2015,229.768452,17.81,12786,7466903,168603,,
IL,2013,229.525227,18.35,12898,2519330,127643,,
OH,2013,229.454563,19.92,11577,1152338,84477,,
IN,2002,229.232764,8.19,6156,854384,39228,,
FL,2011,229.219509,25.51,19093,483006,225551,,
IL,2011,228.791302,19.38,12867,2188720,92344,,
IL,2003,228.692203,11.25,12556,1935502,47039,,
FL,2014,227.712624,25.1,19860,535578,230317,,
IN,2008,226.770458,17.08,6425,942352,43404,,
IN,2001,225.946124,8.82,6128,875593,39798,,
LA,2000,225.675622,7.6,4472,2759529,142328,,
LA,2008,225.571619,19.87,4436,2313109,109279,,
IL,2002,225.285936,10.13,12526,1912109,46287,,
IL,1997,225.013071,9.24,12186,1659524,54660,,
IL,2009,224.815041,15.79,12797,2081720,69539,,
IL,1999,224.317091,8.73,12359,1957536,51593,,
FL,2009,224.272893,21.32,18653,522486,213642,,
LA,2011,224.159053,17.55,4575,3978121,111498,,
IL,2001,222.953102,11.1,12488,1908364,44170,,
FL,2012,222.884839,25.61,19326,422918,222492,,
IN,1999,222.570757,7.21,6045,812026,35587,,
LA,2007,222.401109,15.14,4376,2402980,150009,,
FL,2013,222.020989,25.19,19563,523300,233226,,
LA,2010,221.411891,14.81,4545,3178682,112652,,
LA,1997,220.867393,5.7,4421,3024352,149628,,
FL,1997,218.975252,10.84,15186,518157,231308,,
LA,2006,217.521419,14.25,4303,2387045,149461,,
PA,2016,217.408711,16.65,12784,7887773,164953,,
IN,1998,216.996442,7.07,5999,870583,36011,,
IN,2010,216.286644,15.01,6490,988588,69118,,
IN,1997,216.228795,7.4,5955,845617,38775,,
IL,2012,216.023707,19.18,12884,2440820,104195,,
IL,1998,215.161832,8.81,12272,1669295,48533,,
OH,2012,215.158072,20.53,11548,1070577,72635,,
IL,2015,215.031437,15.57,12864,2660468,132106,,
LA,2004,214.007227,10.12,4552,2515687,185640,,
NY,2004,213.099068,15.67,19172,830908,358877,,
OH,2015,212.65892,16.5,11618,2075992,77648,,
LA,2012,211.826332,15.24,4601,3790128,108783,,
NY,2000,211.587611,13.19,19002,777274,429206,,
NY,2003,210.817138,14.44,19176,819272,357371,,
NY,2005,209.393654,19.01,19133,866207,365539,,
LA,2016,209.129147,9.24,4678,2555429,160024,,
IN,2011,209.012673,17.89,6516,1063382,72234,,
LA,2009,208.8199,12.79,4492,2469342,106939,,
LA,2002,207.011665,7.02,4497,2574015,140938,,
OH,2016,206.274364,15.53,11635,2410570,74121,,
LA,1998,206.181785,5.08,4440,3024760,147482,,
NY,2001,205.802645,13.71,19083,802148,350748,,
LA,2005,205.39613,13.13,4577,2332825,151309,,
IN,2014,205.295586,18.09,6594,1124390,77635,,
NY,1999,205.105155,10.88,18883,823741,419145,,
LA,1999,205.037275,5.61,4461,2913609,148307,,
NY,1997,204.833207,11.49,18657,819671,491158,,
IL,2016,204.066954,14.59,12827,2406215,128024,,
IN,2009,203.888858,14.04,6459,966316,54158,,
LA,2015,203.862693,10.53,4665,2619416,133772,,
LA,2003,203.723631,8.58,4521,2498574,148609,,
LA,2013,203.534984,15.33,4625,3225029,126021,,
NY,1998,203.247468,10.74,18756,805749,458811,,
LA,2014,201.179149,15.14,4644,2835590,149414,,
NY,2002,200.181074,12.7,19138,816259,363960,,
IN,2013,199.938253,18.02,6568,1107930,76617,,
LA,2001,198.384658,7.93,4478,2774100,136086,,
MI,1999,197.855054,8.43,9897,598117,107946,,
NY,2007,197.59579,21.98,19132,867426,363151,,
IN,2012,194.340749,18.21,6538,1045778,69508,,
MI,2000,193.362483,9.74,9952,665306,110506,,
NY,2006,190.906883,21.14,19105,878195,378624,,
MI,1997,190.657255,8.48,9809,723072,113741,,
MI,2005,190.452796,14.53,10051,763789,110256,,
MI,1998,189.774743,8.32,9848,582547,105953,,
MI,2001,189.619285,9.94,9991,704652,94158,,
MI,2002,189.130723,9.95,10016,741868,89210,,
MI,2004,188.244832,12.14,10055,734192,101894,,
NY,2008,187.76996,25.29,19212,904367,387146,,
IN,2015,186.016527,14.95,6608,1035083,84546,,
MI,2003,185.893082,10.78,10041,681528,97148,,
GA,2007,184.458367,17.33,9350,541916,200496,,
GA,2005,184.342774,15.29,8926,545083,215974,,
IN,2016,181.853103,13.73,6633,917924,86615,,
GA,2006,181.82587,16.45,9156,541212,207178,,
MI,2007,181.396883,17.57,10001,770819,106308,,
MI,2006,179.273795,16.66,10036,726575,106140,,
MI,2008,175.04045,19.53,9947,673140,113574,,
GA,2004,173.862795,12.42,8769,578661,226739,,
NY,2010,173.83878,23.12,19400,839439,347621,,
NY,2009,172.039523,20.74,19307,872414,363021,,
GA,2008,171.861299,21.01,9505,504338,169646,,
GA,2010,171.572878,18.35,9712,568885,204179,,
NY,2014,169.776429,24.61,19656,874567,378279,,
GA,2003,168.649145,10.79,8623,568266,221665,,
GA,2000,168.626639,9.93,8227,560846,222186,,
NY,2015,167.715643,20.08,19661,875508,366528,,
GA,2002,165.609988,9.53,8508,608531,283704,,
MI,2010,164.753777,18.34,9878,631304,106755,,
NY,2011,164.047532,25.44,19499,882177,378308,,
MI,2009,164.003476,16.8,9902,556222,101612,,
NY,2016,163.655447,18.36,19642,846027,372894,,
NY,2013,162.090432,24.81,19628,876344,359578,,
GA,2009,162.077792,16.7,9621,525635,180481,,
MI,2015,161.681725,16.51,9933,655427,159977,,
MI,2013,161.592139,20.29,9913,665162,150826,,
MI,2014,161.482535,19.84,9931,692228,164251,,
GA,2001,160.884429,10.23,8377,543799,192060,,
NY,2012,160.369528,25.47,19575,820076,341725,,
GA,1999,160.327914,8.14,8046,560061,231115,,
MI,2011,159.550575,20.7,9882,687844,121580,,
GA,1998,157.860976,8.04,7864,585785,256573,,
GA,1997,156.732124,8.4,7685,581648,262479,,
GA,2011,156.310644,21.6,9802,557342,205190,,
NC,2007,154.458804,19.41,9118,532719,112690,,
NC,2005,154.028167,16.51,8705,562525,145275,,
MI,2012,152.76296,21.3,9897,632683,125094,,
KY,2007,152.483223,16,4257,3044702,50599,,
KY,2006,151.997797,15,4219,3177481,57538,,
MI,2016,151.766695,15.68,9952,663773,156947,,
KY,2008,150.109252,19.07,4290,3122644,53122,,
NC,2004,149.714438,13.92,8553,557860,139795,,
KY,2005,149.579712,13.57,4183,3153504,63466,,
NC,2008,149.198769,22.11,9309,558443,142701,,
KY,2010,149.106557,17.19,4348,2783526,61680,,
NC,2000,148.851012,11.51,8082,544289,136234,,
NC,2006,148.628039,18.16,8917,553642,136626,,
KY,2011,148.044831,20.59,4369,2843181,66399,,
AL,2007,147.430252,16.06,4673,1408105,228160,,
KY,2004,147.385931,11.08,4146,3030285,65370,,
NC,2003,146.500279,12.29,8423,607883,181552,,
KY,2002,145.949034,8.8,4090,3271820,62831,,
AL,2006,145.782018,14.96,4629,1413493,266153,,
NC,2002,145.333685,11.37,8326,539009,125225,,
KY,2001,145.308387,9.3,4068,3484431,53167,,
NC,2001,143.810537,11.67,8210,521833,127348,,
KY,2000,143.765285,9.3,4049,3413501,36052,,
AL,2005,143.332446,13.56,4570,1502435,279600,,
NC,1997,143.130764,10.04,7657,505382,164819,,
NC,2010,143.008967,20.31,9574,579748,153939,,
KY,1999,142.555489,7.82,4018,3640198,38204,,
NC,1998,142.466784,9.46,7809,566450,159627,,
AL,2000,142.242532,8.78,4452,1539601,263303,,
KY,2003,142.050629,9.77,4117,2983163,65580,,
AL,2004,141.664798,11.27,4531,1544007,290697,,
KY,1997,141.24599,8.07,3953,4092953,47970,,
MO,2005,141.164393,15.12,5790,149612,38894,,
NC,1999,140.780871,9.8,7949,531852,139731,,
KY,2009,139.7526,15.28,4317,2823137,65053,,
AL,2008,139.628142,19.22,4718,1482792,233379,,
GA,2014,139.597657,21.21,10069,608929,254053,,
MO,2006,139.370588,16.67,5843,157085,26006,,
AL,2003,139.358938,9.98,4503,1521048,283428,,
KY,1998,138.556222,7.55,3985,3981427,43480,,
MO,2007,138.499778,17.8,5888,164647,38135,,
AL,2002,138.490682,9.16,4480,1486477,252689,,
MO,2004,138.094032,12.71,5748,135395,32596,,
KY,2014,137.550778,20.43,4414,2073071,73565,,
MO,2003,137.545312,11.36,5709,144576,23898,,
GA,2015,137.014497,17.41,10181,632653,263267,,
KY,2012,136.661084,20.68,4386,2393370,57710,,
GA,2016,136.24185,16.53,10305,648439,271314,,
KY,2013,136.1704,20.81,4405,2141407,72596,,
GA,2012,136.169625,21.8,9901,562771,197106,,
AL,1999,136.122518,7.58,4430,1578642,290195,,
MO,2008,135.179658,20.36,5924,185704,50818,,
GA,2013,134.5718,21.43,9973,592058,240106,,
AL,1997,134.474292,7.52,4368,1708520,299675,,
MO,2011,134.200057,22.26,6010,197885,53114,,
AL,1998,133.741224,7.33,4405,1672363,317065,,
AL,2001,133.630128,9.45,4468,1484590,251523,,
MO,2010,133.567876,18.75,5996,199980,57757,,
NC,2009,132.991562,18.53,9450,575724,148498,,
AL,2010,132.767419,17.8,4785,1429505,240913,,
MO,2013,132.021331,22.31,6041,191711,59555,,
MO,2014,131.628662,21.72,6056,199510,56873,,
MO,2002,130.798362,10.36,5675,128691,30541,,
AL,2011,129.930038,20.06,4799,1410745,254867,,
MO,1999,129.816332,8.88,5562,131382,32497,,
MO,2001,129.759087,11.04,5641,129033,29425,,
MO,2009,129.541205,16.69,5961,211099,57847,,
MO,1998,129.438071,8.61,5522,135540,37398,,
VA,2005,128.941117,14.98,7577,1227039,126819,,
NJ,2007,128.891488,19.67,8678,356147,20390,,
NC,2011,128.624282,23.32,9657,577189,153116,,
NJ,2005,128.389725,16.31,8652,347235,19631,,
KY,2015,128.192407,16.37,4426,1686949,71407,,
VA,2007,127.724383,17.56,7751,1175202,116779,,
NC,2014,127.375161,23.15,9934,602124,173650,,
TN,2006,127.176765,16.38,6089,476871,134692,,
VA,2004,127.093903,12.67,7476,1312037,110813,,
TN,2000,126.943923,10,5704,464215,118161,,
TN,2007,126.911809,17.32,6176,489761,105896,,
NJ,2008,126.653919,23.61,8711,359639,23139,,
MO,2012,126.431041,22.6,6024,203199,46969,,
MO,1997,125.220057,9.28,5481,134144,30753,,
TN,2005,125.144738,14.65,5991,543466,158277,,
NC,2013,125.059373,23.38,9844,612428,191942,,
MO,2000,125.04405,11.01,5607,135904,20285,,
TN,2001,124.720105,9.99,5751,529706,136233,,
TN,2002,124.054565,9.69,5796,526516,144778,,
KY,2016,123.920291,15.25,4438,1233997,70347,,
TN,2004,123.71963,12.17,5911,561169,175977,,
NJ,2004,123.605876,14.31,8635,309496,27090,,
VA,2003,123.264897,11.27,7367,1339693,104127,,
AL,2012,123.201027,19.86,4816,1443558,241822,,
AL,2014,123.161802,18.62,4842,1367345,268551,,
VA,2000,122.889517,10.42,7106,1353571,113879,,
NJ,1997,122.562075,9.82,8219,185268,39316,,
VA,2006,122.459059,16.63,7674,1281790,118780,,
MO,2015,122.360765,18.32,6072,205170,56651,,
TN,2003,122.324205,10.63,5848,511002,179977,,
NJ,1999,122.269221,9.18,8360,342637,39891,,
TN,1997,122.03588,8.78,5499,509140,160090,,
NJ,2000,121.927702,11.13,8431,338360,40319,,
NC,2012,121.306233,23.75,9749,564889,152167,,
NJ,2006,121.284591,19.02,8662,361581,21735,,
NJ,2003,121.063315,12.17,8601,336341,26711,,
TN,1999,121.052818,8.66,5639,498129,129913,,
NC,2015,121.049573,19.25,10033,615385,175137,,
AL,2013,120.908517,18.89,4830,1478402,310608,,
VA,2001,120.594249,10.71,7198,1299958,92682,,
TN,1998,120.560996,8.43,5570,529550,156780,,
NC,2016,120.553143,17.95,10157,648808,201309,,
TN,2008,120.415612,20.63,6247,482365,122544,,
AL,2015,120.142812,15.68,4853,1269743,261340,,
AL,2009,120.100202,16.55,4758,1449253,264487,,
NJ,2002,119.606006,10.59,8553,350995,28695,,
VA,2002,119.126947,10.45,7287,1235676,76937,,
NJ,2001,119.072285,11.13,8493,347245,29055,,
NJ,1998,118.235726,8.89,8287,323494,38850,,
MO,2016,117.678467,17.29,6087,190279,50662,,
VA,2008,116.532737,21.18,7833,1166053,117389,,
WV,2002,116.478306,8.53,1805,4047572,15137,,
AL,2016,115.088298,14.81,4865,1124482,235494,,
WV,1999,114.694487,7.64,1812,4242051,14808,,
WV,2007,114.372987,15.02,1834,4155403,26006,,
WV,2000,114.188998,8.78,1807,4339126,17379,,
NJ,2011,114.175817,24.19,8828,388669,37011,,
WV,1998,114.044767,7.26,1816,4640243,16211,,
VA,1999,113.959613,8.8,7000,1345658,120016,,
NJ,2010,113.866039,21.28,8800,377491,34965,,
NJ,2014,113.2657,22.95,8867,383791,54258,,
WV,2003,113.056621,9.68,1812,3765536,19809,,
WV,2006,112.147878,14.39,1828,4106081,28268,,
WV,2005,111.982933,13.24,1820,4136605,28331,,
VA,1998,111.939084,8.44,6901,1374506,122808,,
NJ,2015,111.582529,18.49,8871,399260,51408,,
OK,2008,111.557763,20.39,3669,2599173,73670,,
NJ,2016,110.834299,17.25,8875,363924,51355,,
WV,1997,110.645496,7.91,1819,4685293,17582,,
WI,2005,110.483536,15.08,5546,248416,120705,,
WV,2008,110.202862,17.64,1840,4188949,29247,,
VA,1997,109.942409,9.23,6829,1425090,123325,,
WV,2004,109.794783,10.85,1816,3976697,19228,,
OK,2006,109.634984,16.46,3594,2352428,50325,,
NJ,2009,109.601144,19.12,8756,392825,33789,,
TN,2010,109.571968,18.66,6355,509393,141186,,
OK,2007,108.86774,17.07,3634,2458990,74304,,
VA,2010,108.652444,19.2,8024,1100815,107312,,
WI,2000,107.755557,9.93,5374,233384,112750,,
NJ,2013,107.339117,23.74,8858,398511,49726,,
OK,2011,107.244381,19.76,3788,2716285,98453,,
WI,2004,107.209679,12.75,5514,232711,93609,,
WI,2002,106.735324,10,5445,231538,98559,,
OK,2005,106.311547,14.83,3549,2286466,61329,,
TN,2011,106.068497,22.05,6397,511186,152488,,
OK,2009,105.836533,15.92,3718,2605676,79395,,
WI,1999,105.581797,8.23,5333,234332,113636,,
WI,2001,105.57312,10.56,5407,242017,121275,,
OK,2010,105.519628,17.13,3760,2578993,93757,,
VA,2009,105.464708,17.56,7926,1091443,114854,,
VA,2013,105.042324,22.12,8253,1025885,118231,,
WI,2008,104.78197,20.14,5641,303547,114688,,
WI,2003,104.74777,11.32,5479,242769,104497,,
OK,2014,104.51588,19.93,3878,3703340,159199,,
OK,2012,104.431602,20.19,3819,2996505,119449,,
WI,2007,104.384903,17.95,5611,283921,109034,,
VA,2016,104.237817,16.61,8411,910658,134016,,
VA,2014,104.079051,21.81,8312,985885,130714,,
TN,2014,103.645676,21.4,6541,505397,154468,,
NJ,2012,103.593549,24.34,8845,389755,42793,,
WV,2001,103.52562,8.81,1801,4330256,14725,,
WI,1997,103.338391,8.26,5266,164284,122612,,
OK,2003,103.31713,10.89,3505,2183881,41954,,
OK,2013,103.25855,19.75,3853,3166872,161197,,
VA,2015,103.198361,17.9,8363,931905,131610,,
TN,2016,103.072623,16.16,6645,489650,127173,,
WI,2006,102.649737,16.75,5578,272282,115196,,
AZ,2008,102.248473,23.95,6280,576899,88850,,
TN,2009,101.971095,17.14,6306,518586,155555,,
AZ,2007,101.875063,20.87,6168,538976,79355,,
MN,2005,101.374944,14.45,5120,274338,81276,,
WI,1998,101.295193,7.97,5298,206741,107579,,
OK,2002,101.135081,9.51,3489,2221272,40915,,
WI,2014,101.061041,20.66,5752,312549,140932,,
MN,2003,101.009757,10.81,5054,253551,62604,,
OK,2001,100.903859,10.46,3467,2295579,48390,,
WI,2013,100.810347,20.27,5737,325599,138009,,
OK,2015,100.666411,16.02,3910,4023984,184747,,
WV,2010,100.386365,17.43,1854,3700095,42406,,
MN,2007,100.342555,17.12,5207,316669,96776,,
MN,2004,100.305563,12.14,5088,264134,68844,,
WV,2014,99.95947,20.09,1849,4201168,50319,,
TN,2015,99.951545,17.45,6591,479072,157151,,
AZ,2006,99.921111,19.7,6029,511638,80772,,
MN,2008,99.851166,19.06,5247,350936,115658,,
WI,2015,99.831976,16.98,5761,307426,131482,,
VA,2011,99.821755,22.3,8100,1087672,102295,,
TN,2012,99.648656,22.26,6451,473054,143005,,
OK,2000,99.531969,9.97,3454,2279890,47389,,
OK,2004,99.286875,12.33,3525,2319063,62058,,
CO,2007,98.816598,17.06,4804,2359097,39490,,
MN,2006,98.732567,16.08,5164,294737,80232,,
OK,1997,98.567953,8.06,3373,2456333,55183,,
TN,2013,98.273647,21.64,6493,551253,185717,,
WI,2010,98.234237,18.46,5690,342572,132144,,
VA,2012,97.800619,22.73,8185,1047354,101529,,
WV,2011,97.734171,20.53,1856,3820505,44580,,
MN,2000,97.426876,9.88,4934,238587,71811,,
WI,2011,97.379689,20.9,5705,323588,132130,,
MN,2002,97.008202,9.56,5019,250113,64215,,
OK,1998,96.980556,7.5,3405,2388864,60591,,
OK,2016,96.911043,13.99,3927,4004641,240203,,
CO,2008,96.878896,19.81,4890,2466361,63044,,
AZ,2005,96.681039,17.87,5839,611615,78333,,
AZ,2004,96.607118,15.36,5652,653416,81376,,
OK,1999,96.380678,7.89,3437,2281805,55318,,
CO,2006,96.21003,16.94,4720,2289963,35112,,
WI,2009,95.846381,16.71,5669,303439,107292,,
WI,2016,95.609027,15.77,5773,309813,129893,,
AZ,2010,95.311563,22.32,6408,579778,77419,,
CO,2010,95.286071,17.46,5048,2561382,62321,,
CO,2005,95.211354,15.15,4632,2246251,31449,,
AZ,2013,95.187654,25.89,6635,591410,98874,,
MN,2014,94.780587,19.55,5452,471362,179848,,
WV,2016,94.552182,16.45,1831,3784831,44824,,
MN,2001,94.44996,10.42,4983,232063,72783,,
WV,2013,94.331604,20.64,1854,3799597,54160,,
AZ,2009,93.398881,20.14,6343,563061,73117,,
AZ,2011,93.383383,25.37,6473,615323,105082,,
AZ,2014,93.168568,25.77,6734,631852,114133,,
CO,2004,92.999158,12.48,4575,2194135,22263,,
CO,2009,92.724713,15.48,4972,2497428,62932,,
CO,2001,92.579792,10.72,4426,1736326,23575,,
MN,1999,92.217014,8.2,4873,234564,68076,,
MN,2009,92.09096,15.3,5281,388201,127835,,
WV,2015,92.08074,16.89,1842,4106078,45199,,
WV,2012,92.056806,21.19,1857,3720572,44235,,
MN,2010,91.888936,17,5311,432932,132851,,
CO,2014,91.726979,21.29,5351,3060817,108091,,
CO,2011,91.628708,21.28,5122,2749591,85169,,
MN,2011,91.591909,19.81,5346,429380,146147,,
MN,1998,91.484701,7.9,4813,202676,62648,,
MN,1997,91.431598,8.46,4763,197048,67314,,
AZ,2012,91.363448,26.19,6557,594938,93042,,
CO,2013,91.142754,21.13,5270,2834198,99785,,
AZ,2015,90.945957,22.47,6834,614524,120715,,
CO,2002,90.684106,9.6,4490,1926698,20880,,
CO,2012,90.501519,21.8,5194,2921831,85723,,
CO,2015,90.422297,17.19,5452,3193430,102732,,
WI,2012,90.188846,21.34,5720,344205,127575,,
CO,2003,90.057094,10.78,4529,2028512,21650,,
AZ,2003,89.612158,13.86,5510,643921,83079,,
MN,2013,89.577238,19.66,5414,411425,158347,,
WV,2009,89.368775,15.98,1848,3734008,45048,,
MN,2016,89.254966,14.9,5523,483350,177107,,
IA,2008,89.049678,18.05,3017,454058,73135,,
CO,2016,89.039444,15.77,5541,3078173,125412,,
AZ,2001,88.42714,12.82,5273,684436,90513,,
IA,2010,88.375812,15.36,3051,673440,127122,,
MN,2015,87.77343,16.15,5483,457277,173977,,
AZ,2002,87.75969,12.39,5396,689876,86880,,
SC,2004,87.381215,12.4,4211,631351,97431,,
AZ,2016,87.00595,20.65,6945,593132,130858,,
SC,2007,86.836556,17.2,4444,653011,94997,,
MN,2012,86.635753,20.02,5377,426849,157313,,
SC,2006,86.340018,16.12,4358,628681,98610,,
AZ,2000,86.069526,12.94,5161,705102,100776,,
SC,2005,86.011937,14.93,4270,658748,104205,,
MA,1997,85.808863,11.77,6226,117549,72315,,
IA,2011,85.48147,17.79,3066,689289,133401,,
IA,2007,85.23392,16.09,2999,380265,61037,,
SC,2008,84.578196,20.56,4529,633034,92008,,
MA,2003,84.533724,14.76,6423,102218,50338,,
CO,2000,84.487954,10.25,4327,1586157,26935,,
MA,2005,84.462498,19.51,6403,97933,40796,,
IA,2009,83.978199,14.26,3033,585769,109693,,
MA,1998,83.866139,10.89,6272,126195,66413,,
SC,2010,83.370383,18.57,4636,657887,114508,,
MA,2002,83.205712,12.77,6417,106959,46722,,
MA,2004,82.880468,16.33,6412,112998,51071,,
MA,2000,82.504278,13.03,6361,126949,69462,,
MA,2001,82.359783,14.3,6398,101717,47998,,
MD,2005,82.005117,16.83,5592,323805,43642,,
IA,2014,81.803697,17.64,3110,755052,188053,,
MA,1999,81.375809,10.98,6317,112385,65168,,
IA,2013,80.950176,17.22,3093,730656,176771,,
SC,2000,80.726465,10.31,4024,623170,92462,,
SC,2003,80.480686,11.1,4150,629249,103796,,
AZ,1999,80.359788,11.24,5024,691730,114876,,
IA,2006,79.975813,15.59,2983,316592,53596,,
SC,2002,79.928988,10.03,4108,637467,80639,,
MA,2007,79.88467,24.18,6432,91938,38237,,
MD,2004,79.851084,13.87,5547,334633,53426,,
KS,2007,79.652928,17.32,2784,796092,17286,,
SC,2011,79.505176,21.39,4671,669349,115777,,
CO,1999,79.399901,8.74,4226,1568045,27918,,
IA,2012,79.38487,17.67,3076,678351,159574,,
MD,2003,79.299126,12.34,5496,321479,54135,,
SC,2009,79.122069,16.77,4590,648429,102995,,
IA,2004,79.010106,11.9,2954,224160,51118,,
WA,2007,78.860782,17.71,6462,968204,883153,,
WA,2016,78.856651,15.79,7295,1008329,907655,,
IA,2005,78.656694,14.3,2964,259924,57741,,
SC,2001,78.358663,10.4,4065,591367,70574,,
KS,2003,78.281263,11.11,2723,801232,12565,,
WA,2000,78.093356,9.53,5911,1065124,908594,,
WA,2001,77.94064,10.44,5986,817353,658828,,
IA,2000,77.755856,9.9,2929,155811,46140,,
CO,1998,77.582623,8.13,4117,1551668,26130,,
MD,2007,77.533365,21.62,5653,245179,40836,,
IA,2002,77.184606,9.36,2934,160968,50139,,
MD,2006,77.166737,20.02,5627,312135,45594,,
SC,1999,77.021191,8.67,3975,627968,96967,,
MD,1999,76.783697,10.54,5255,284199,50675,,
MD,2000,76.780629,11.87,5311,308712,53885,,
IA,2003,76.718423,10.45,2942,175690,48932,,
MA,2008,76.706531,27.38,6469,104072,42733,,
IA,2001,76.57343,10.21,2932,145163,41779,,
AZ,1998,76.541775,10.83,4883,693182,126648,,
MD,2001,76.532899,11.86,5375,287582,33247,,
MA,2006,76.504937,23.41,6410,106387,45554,,
IA,1999,76.492464,7.92,2918,152225,50870,,
MD,2002,76.48787,11.08,5440,290409,38064,,
KS,2002,76.429462,9.83,2714,839141,13319,,
WA,1999,76.176967,7.64,5843,1209409,1081546,,
WA,1998,76.063097,7.01,5770,1047355,901648,,
IA,2015,75.849357,13.91,3121,770741,198324,,
WA,2005,75.751813,14.99,6257,976432,807670,,
KS,2000,75.742958,10.41,2694,908840,8072,,
WA,2008,75.535029,20.61,6562,976130,879243,,
WA,1997,75.521368,7.85,5675,1295763,1158647,,
KS,2004,75.324119,12.56,2734,791220,12606,,
CO,1997,75.234979,8.79,4018,1470607,33190,,
WA,2004,74.772063,13.06,6179,1001254,817539,,
IA,1998,74.629197,7.66,2903,147502,46876,,
MD,1998,74.368834,10.17,5204,292575,52451,,
KS,2008,74.234049,19.85,2808,834726,23767,,
SC,2014,74.227775,21.91,4824,685012,136766,,
SC,1998,74.006254,8.22,3919,641492,129956,,
KS,1999,73.983517,8.57,2678,912113,8268,,
MD,2008,73.767925,25.32,5685,263721,44673,,
WA,2003,73.524808,11.5,6104,1006268,829004,,
WA,2010,73.422054,18.36,6743,914338,817750,,
WA,2015,73.419535,17.39,7164,941785,856438,,
WA,2006,73.374458,16.46,6371,1065862,928254,,
WA,2009,73.370437,16.78,6667,901433,832048,,
IA,2016,73.132408,12.92,3132,804274,215777,,
WA,2013,73.082723,21.53,6963,1010659,922251,,
SC,2012,72.964384,21.82,4717,653840,117888,,
SC,2015,72.622029,18.07,4892,686045,130136,,
KS,2009,72.444693,15.67,2833,817463,34618,,
KS,2010,72.201319,17.56,2858,813038,40266,,
KS,2006,71.859549,16.19,2763,780168,15231,,
MA,2010,71.806502,23.33,6566,110440,48587,,
MD,1997,71.775523,10.51,5157,295315,52920,,
SC,2016,71.707562,17.09,4958,710358,126475,,
KS,2005,71.583124,14.9,2745,756211,12522,,
AZ,1997,71.578088,11.76,4737,706668,141607,,
WA,2014,71.536807,21.17,7052,1034601,935268,,
WA,2002,71.521014,10.45,6052,1073718,887661,,
KS,2001,71.468955,10.71,2702,868517,8950,,
KS,1997,71.417399,8.86,2635,1088075,8783,,
SC,1997,71.280177,8.63,3860,603327,131983,,
IA,1997,70.854244,8.14,2891,153720,48861,,
MD,2009,70.482085,21.12,5730,254084,48411,,
KS,1998,70.454688,8.24,2661,1006752,8075,,
KS,2011,70.39546,20.38,2869,781714,45424,,
MA,2009,70.271461,22.08,6518,105763,49326,,
UT,2007,70.004323,16.51,2598,1080950,11031,,
SC,2013,69.994808,21.96,4764,700910,134031,,
MS,2001,69.921938,10.37,2853,416006,56085,,
KS,2014,69.592694,21.21,2901,881553,112871,,
KS,2013,69.371381,21.15,2894,830177,99745,,
UT,2008,69.153326,18.7,2663,1169898,13953,,
MD,2010,69.124429,22.83,5789,251740,46632,,
AR,2014,69.001821,18.86,2968,1440726,116541,,
MS,2016,68.917324,14.72,2988,332475,63955,,
WA,2011,68.539759,21.49,6822,1106551,1056258,,
AR,2013,68.435171,19.29,2960,1434515,116746,,
WA,2012,68.290878,21.79,6893,1114043,1016235,,
WY,2013,68.233258,18.43,582,9236921,51331,,
UT,2006,68.047249,15.88,2526,1082815,13202,,
MA,2011,68.045137,26.17,6613,104782,51571,,
MS,2007,68.007864,17.35,2928,413953,63587,,
AR,2011,67.257146,19.59,2940,1385343,119758,,
UT,2013,66.78323,20.71,2898,1123007,17067,,
UT,2005,66.755136,13.73,2458,986220,13607,,
WY,2008,66.656985,17.86,546,10886190,20835,,
WY,2007,66.216076,14.95,535,10416795,17623,,
WY,2012,66.10828,18.68,576,9612685,51941,,
AR,2012,66.01208,19.82,2952,1466389,111220,,
MS,2006,65.905217,16.98,2905,396742,63073,,
AR,2010,65.808178,16.86,2922,1250560,123317,,
KS,2012,65.62143,21,2885,793248,57963,,
MA,2015,65.620281,22.52,6796,113254,61018,,
MA,2013,65.618013,26.54,6714,102426,57175,,
MS,2004,65.585819,12.56,2889,404122,61251,,
MS,2010,65.321819,17.88,2971,450335,56251,,
WY,2014,65.319221,18.79,583,9362056,52436,,
MS,2015,65.17939,16.55,2989,422831,58493,,
UT,2004,65.140618,11.39,2402,884345,10581,,
UT,2014,65.107913,21,2937,1172036,21576,,
WY,2010,65.000391,15.37,564,10536615,43536,,
UT,2000,64.880793,8.72,2245,1039553,15405,,
MS,2008,64.548852,21.34,2948,418208,46818,,
MD,2011,64.432162,25.49,5839,272747,56186,,
UT,2009,64.377999,15.03,2723,1127555,15951,,
MA,2016,64.190622,20.65,6826,120960,64331,,
AR,2008,64.142654,19.96,2875,761611,123354,,
UT,2011,64.110907,20.33,2814,1128682,24231,,
MS,2003,64.099081,11.01,2868,466447,45346,,
KS,2015,63.927125,16.99,2910,854151,111070,,
MS,2014,63.89464,20.79,2991,405162,60938,,
MS,2005,63.884843,15.37,2906,385054,62678,,
WY,2006,63.856073,14.55,523,10062253,18692,,
WY,2011,63.840785,18.21,567,10353191,58644,,
WY,2003,63.778198,8.8,503,8590378,11324,,
MA,2014,63.766749,26.61,6764,122703,62364,,
WY,2004,63.639352,10.31,509,9002214,13747,,
UT,2010,63.633486,17.04,2775,1073079,17469,,
AR,2000,63.60156,9.47,2679,447405,108634,,
WY,1998,63.50102,5.96,491,6876206,15592,,
UT,2015,63.469779,17.17,2982,1020718,21462,,
WY,2009,63.452913,13.64,560,10336858,33116,,
WY,2015,63.373017,14.87,586,9078727,45048,,
AR,2007,63.292592,16.68,2849,593930,120733,,
UT,1998,63.221477,6.99,2166,1040530,19503,,
WY,2001,63.167179,8.51,495,8299346,14469,,
AR,1999,63.108538,7.9,2652,461717,110822,,
WY,2005,62.978919,12.94,514,9156148,18449,,
WY,2000,62.898151,7.92,494,7495961,14845,,
AR,2001,62.780519,10.2,2692,462934,94001,,
UT,2001,62.720996,9.27,2284,1056722,10816,,
UT,2003,62.71377,10.19,2360,912211,10252,,
MS,2002,62.502902,9.91,2859,437014,49641,,
AR,2016,62.410797,14.6,2990,1130117,117959,,
AR,2004,62.345544,11.96,2750,503242,112915,,
MS,2012,62.334392,20.66,2984,391823,70848,,
KS,2016,62.06268,16.01,2911,792210,137997,,
UT,1999,62.037089,7.51,2203,1029825,20361,,
WY,1999,62.007029,6.56,492,7306694,14023,,
AR,2003,61.988775,10.23,2725,478389,107905,,
AR,2006,61.958302,15.78,2822,572694,99990,,
UT,2002,61.958173,9.18,2325,972900,10879,,
WY,2002,61.893366,8.03,500,8449084,12014,,
MA,2012,61.731697,26.88,6663,110901,49498,,
MS,1999,61.602741,7.89,2828,381140,65132,,
AR,2009,61.473387,15.64,2897,1007445,124205,,
UT,2012,61.408705,21.19,2853,1118331,20513,,
MD,2014,61.391691,25.25,5958,249564,53332,,
AR,2002,61.297214,9.39,2706,469275,108618,,
MS,2000,61.213588,9.77,2848,421659,75389,,
AR,1998,60.920671,7.71,2626,492864,114927,,
UT,1997,60.817356,7.66,2120,1044515,20402,,
WY,2016,60.672975,13.27,584,7518403,51279,,
MS,2013,60.612938,21.2,2989,412491,59672,,
MS,2011,60.488942,20.8,2978,442987,57390,,
MS,2009,60.486131,16.83,2959,456178,46240,,
AR,2005,60.081059,14.46,2781,484786,112451,,
MD,2012,59.859472,25.7,5887,244866,48435,,
NM,2006,59.591057,18.35,1962,2648709,25421,,
AR,1997,59.515746,8.24,2601,534963,124045,,
MD,2015,59.473748,21.3,5987,249854,51087,,
AR,2015,59.252208,15.87,2978,1319553,115780,,
MD,2013,59.152914,25.44,5924,248055,53684,,
NM,2005,59.028313,16.54,1932,2751872,21278,,
NM,2007,58.78878,19.16,1990,2530814,28539,,
UT,2016,58.761516,15.7,3043,920341,33653,,
WY,1997,58.659921,6.48,489,6174129,16153,,
ND,2014,58.60172,18.26,737,3254422,86933,,
NM,2004,58.427046,13.56,1904,2734986,10265,,
NM,2001,58.127912,11.39,1832,2780034,6523,,
NM,2000,57.955624,10.98,1821,2728279,7804,,
MD,2016,57.557961,20.2,6005,243417,51146,,
NM,2003,57.332267,11.93,1878,2695965,7241,,
ND,2015,57.224223,13.62,754,3673475,83833,,
NM,2009,57.068485,17.86,2037,2409618,27223,,
ND,2013,56.640846,18.2,722,2623151,74135,,
MS,1998,56.617354,8,2805,402186,64175,,
NM,1999,56.218916,9.18,1808,2576111,7777,,
NM,2008,56.198829,22.56,2011,2476942,32284,,
ND,2012,55.934628,17.89,701,2130164,77171,,
NM,1997,55.77071,9.81,1775,2668877,7894,,
MS,1997,55.653391,8.26,2777,431194,84291,,
NM,2011,55.463912,23.82,2080,2261687,31827,,
NM,1998,55.288356,9.05,1793,2596608,7160,,
NM,2002,55.154462,10.61,1855,2716948,6680,,
ND,2016,54.283107,12.29,754,3497535,96667,,
ND,2011,53.561826,17.03,685,1514901,79772,,
NE,2013,53.487188,19.3,1865,370598,33774,,
NM,2012,53.432146,24.19,2088,2317287,34485,,
NM,2010,53.038872,20.11,2065,2256233,28855,,
NM,2013,53.031242,23.64,2093,2373946,36303,,
ND,2008,52.734837,14.99,658,870666,31615,,
ND,2007,52.366447,12.75,653,762360,21677,,
ND,2005,52.254974,10.5,646,690673,19001,,
NE,2011,52.253056,19.27,1841,390854,31029,,
NE,2014,52.174558,19.22,1880,412224,42965,,
ND,2010,52.047486,13.16,675,1250694,62844,,
ND,2001,51.564903,7.28,639,671200,17531,,
ND,2009,51.21863,11.23,665,1014552,46461,,
ND,2002,51.203451,6.69,638,672993,19118,,
ND,2003,50.818262,7.39,639,667147,21109,,
NE,2015,50.686263,15.5,1892,435918,50626,,
ND,2000,50.67414,7.05,642,690675,24427,,
ND,2006,50.573418,11.36,649,724485,21676,,
NE,2012,50.516448,19.82,1853,357381,29067,,
NM,2015,50.094459,18.69,2090,2678832,35709,,
NM,2014,49.976941,23.71,2090,2569753,38712,,
NV,2005,49.863061,18.01,2432,37072,34474,,
NE,2010,49.824067,16.7,1830,399893,25860,,
ND,2004,49.35621,8.77,645,667906,21319,,
ND,1999,49.277079,5.78,644,696137,29255,,
NE,2016,48.55413,14.24,1906,434332,48343,,
NM,2016,48.387022,16.87,2093,2582214,50045,,
ND,1998,48.259177,5.43,648,692380,25846,,
AK,2005,48.215328,13.99,667,2415039,15866,,
NV,2004,47.73798,15.68,2346,37012,34321,,
NE,2009,47.305334,14.81,1813,293256,16804,,
ND,1997,47.07697,5.87,650,700136,36337,,
AK,2004,46.857059,11.07,659,2512619,18416,,
NE,2008,46.630625,18.65,1796,292823,13780,,
AK,2006,45.93318,16.61,675,2100329,13298,,
NV,2000,45.374477,11.76,2019,48346,44737,,
NV,2001,44.679767,12.97,2098,46736,43411,,
NE,2007,44.611873,16.73,1783,260719,13537,,
CT,2004,44.600367,15.94,3496,202659,30189,,
AK,2000,44.395048,8.03,628,2645900,12204,,
NE,2006,44.283615,15.94,1773,211636,18574,,
AK,2007,44.227313,17.94,680,2051639,14037,,
CT,2005,44.072674,19.62,3507,188134,25727,,
OR,2007,43.747883,18.21,3722,397326,394863,,
AK,2003,43.731458,9.08,648,2660210,19374,,
AK,1999,43.723639,6.17,625,2797459,10212,,
NE,2005,43.679792,14.69,1761,201838,18408,,
AK,2002,43.65497,7.78,642,2658368,17922,,
NV,2003,43.575091,13.88,2249,36444,33578,,
AK,2001,43.503252,8.18,634,2630790,16974,,
NE,2003,43.460564,10.8,1739,174732,19462,,
NE,2004,43.285538,12.21,1749,214447,18691,,
AK,1998,43.17097,5.8,620,3067133,13291,,
NE,1998,43.021723,7.68,1696,171329,23289,,
CT,2000,42.964991,13.51,3412,221252,50578,,
NE,2001,42.895178,10.36,1720,179455,19656,,
CT,1997,42.779266,12.73,3349,49401,50710,,
OR,2008,42.765116,20.88,3769,415254,404113,,
CT,2003,42.759513,14.42,3484,198795,31229,,
NE,2002,42.394221,9.63,1728,193440,19875,,
OR,1999,42.112991,8.79,3394,511188,509832,,
AK,1997,42.064116,6.74,613,3331780,14994,,
NE,1999,41.809308,8.04,1705,190064,23849,,
CT,2001,41.719118,13.49,3433,190925,29813,,
NV,2007,41.676322,21.28,2601,40055,37684,,
CT,1999,41.649899,12.01,3386,181746,49290,,
NE,2000,41.592549,10.07,1714,175822,21304,,
NV,2006,41.484077,20.05,2523,40789,38313,,
NV,2002,41.449194,13.05,2174,42635,39421,,
NV,1999,41.286442,10.07,1935,53083,48980,,
OR,1998,41.121123,8.11,3352,455462,454349,,
OR,2005,41.111408,15.26,3613,364534,364066,,
CT,2006,41.026612,23.09,3517,198740,25629,,
NE,1997,41.000026,8.52,1686,180676,23660,,
OR,2000,40.955598,10.56,3430,437913,436666,,
NV,2008,40.884911,23.67,2654,40375,37843,,
OR,2009,40.858083,17.58,3809,416479,407674,,
OR,2004,40.720603,13.21,3569,385096,384623,,
OR,2001,40.7171,10.97,3468,351088,349949,,
OR,2010,40.71451,19.11,3838,397788,390608,,
NV,1998,40.700629,9.24,1853,57757,53114,,
CT,1998,40.4465,12.07,3365,83210,49187,,
OR,2006,40.315063,16.91,3671,433651,433011,,
CT,2007,40.249796,25.31,3527,195758,23884,,
CT,2002,40.079822,13.02,3459,184091,28314,,
OR,2003,39.641998,11.97,3547,385219,384479,,
AK,2008,39.635789,23.91,687,1932755,12913,,
NV,2009,39.391924,20.01,2685,49245,46701,,
OR,2002,39.185346,11.11,3513,401491,400635,,
OR,2013,39.152974,22.04,3923,464024,457551,,
AK,2010,38.924047,20.37,714,1738219,16537,,
AK,2011,38.793915,25.13,722,1642015,15762,,
AK,2012,38.235964,25.44,730,1563461,17719,,
OR,2015,38.126722,18.95,4017,431350,424806,,
OR,2014,38.036133,22.11,3964,485600,478616,,
NV,1997,38.025121,9.89,1764,53973,48279,,
AK,2009,38.003626,18.22,699,1853317,15685,,
OR,2016,37.968582,17.35,4091,457191,450442,,
CT,2008,37.666793,29.1,3546,187550,26245,,
NV,2010,37.557173,21.38,2702,51023,48548,,
OR,2011,37.240308,22.12,3872,517200,510211,,
NV,2014,37.210377,23.43,2819,69333,67498,,
OR,2012,36.920503,22.58,3899,499534,493314,,
NV,2016,36.651105,17.29,2920,89544,87956,,
MT,2007,36.523287,17.28,965,1219593,117749,,
CT,2015,36.501388,23.31,3588,211889,29805,,
NV,2013,36.398179,22.87,2777,68462,66521,,
CT,2010,36.266345,25.64,3579,204189,29114,,
AK,2015,36.232439,18.82,738,1424762,19209,,
AK,2013,36.179222,24.92,737,1513406,18664,,
CT,2009,35.931238,23.65,3562,203640,29421,,
OR,1997,35.879189,8.63,3304,531821,530595,,
MT,2008,35.78724,20.47,976,1217402,123130,,
AK,2014,35.339307,24.83,736,1474609,19826,,
NV,2015,35.25925,20.14,2869,76598,74987,,
CT,2014,35.15249,27.96,3595,197800,32123,,
MT,2006,35.062025,16.38,953,1204723,122239,,
AK,2016,34.909446,16.63,742,1433116,19428,,
MT,2005,34.90081,14.89,940,1145086,113989,,
CT,2013,34.895227,27.77,3595,207893,29428,,
CT,2011,34.880689,28.18,3588,196367,29698,,
NV,2012,34.518174,23.78,2745,58604,56465,,
CT,2016,34.30133,21.89,3579,204856,31493,,
MT,2010,34.269361,18.25,991,1148850,114148,,
CT,2012,34.136396,28.66,3594,205475,26515,,
NV,2011,33.852041,23.42,2713,52314,49945,,
MT,2004,33.803253,12.37,930,1066749,101507,,
MT,2009,32.345529,16.14,984,1081016,113796,,
MT,2003,32.188773,10.79,920,967918,100336,,
MT,2014,31.968158,21.86,1022,1161544,134199,,
MT,2015,31.917066,17.64,1031,1081301,115815,,
MT,2001,31.612832,10.66,907,965030,80503,,
MT,2013,31.518926,22.06,1014,1105650,114552,,
MT,2011,31.406579,21.78,997,1104428,139894,,
MT,1999,30.977239,7.86,898,1048886,156945,,
MT,1998,30.523982,7.96,892,1056758,128200,,
MT,2016,30.459166,16,1041,875177,117703,,
MT,2000,30.44395,9.8,904,972200,113712,,
MT,2012,30.137107,21.99,1004,1009018,124262,,
MT,2002,29.959061,9.28,912,972060,108583,,
MT,1997,28.937601,8.42,890,1038163,153223,,
ME,2004,24.008399,12.55,1314,136769,136769,,
ME,2002,24.003466,9.85,1296,140385,140385,,
HI,2007,23.995537,24.98,1316,15031,15031,,
ME,2003,23.650089,11.22,1307,132344,132344,,
HI,2006,23.185958,24.33,1310,13999,13999,,
ME,2005,23.128772,14.89,1319,159674,159674,,
HI,2005,22.921143,21.39,1293,12936,12936,,
ME,2001,22.478033,10.18,1286,146146,146146,,
ME,2000,22.363891,9.7,1277,163025,163025,,
HI,2004,22.318919,17.73,1274,13769,13769,,
NH,2004,21.932576,15.58,1290,141054,34923,,
HI,2003,21.331147,15.6,1251,13310,13310,,
NH,2005,21.264651,18.46,1298,139970,41289,,
ME,2006,21.263799,17.13,1324,152339,152339,,
ME,2007,20.958948,18.83,1327,155620,155620,,
NH,2003,20.936995,14.15,1280,126527,29849,,
ME,1999,20.466287,8.36,1267,159186,159186,,
HI,2002,20.379701,14.23,1240,10452,10452,,
ME,1997,19.788473,8.26,1255,161828,161828,,
ME,1998,19.449951,8,1259,151240,151240,,
HI,2011,19.437938,38.37,1379,16563,16563,,
NH,2006,19.380855,21.84,1308,131170,33103,,
HI,2008,19.261458,35.87,1332,15912,15912,,
NH,2007,19.175009,23.25,1313,147707,34804,,
HI,2001,19.12645,15.34,1226,12389,12389,,
ME,2008,19.089214,20.35,1331,182576,182576,,
HI,2010,18.994817,30.47,1364,15165,15165,,
HI,2012,18.886275,40.15,1395,18124,18124,,
HI,2009,18.854396,25.21,1347,15800,15800,,
NH,2008,18.743491,26.66,1316,137613,39884,,
HI,1998,18.692372,11.88,1215,21657,21657,,
HI,2000,18.648078,15.23,1214,20386,20386,,
HI,1997,18.623087,13.32,1212,22502,22502,,
HI,2015,18.52188,28.29,1422,24873,24873,,
HI,2016,18.444466,25.11,1428,27372,27372,,
HI,2013,18.416095,38.78,1408,22397,22397,,
ME,2009,18.397521,17.48,1330,148204,148204,,
ID,2016,18.38191,15.49,1683,147037,132421,,
HI,1999,18.378186,12.49,1210,21767,21767,,
HI,2014,18.361935,37.46,1415,24072,24072,,
ME,2010,18.093762,18.69,1328,156140,156140,,
ID,2015,17.956009,16.9,1652,143835,134769,,
NH,2002,17.631765,12.81,1269,125950,28896,,
ME,2011,17.554396,21.87,1328,159444,159444,,
NH,2000,17.481631,13.68,1240,121237,38620,,
ID,2013,17.164023,20.21,1612,139303,132364,,
NH,2009,17.061862,22.09,1316,137581,45367,,
NH,2001,16.93438,13.62,1256,120964,30186,,
ME,2015,16.856806,17.93,1328,147747,147747,,
NH,1999,16.805606,11.89,1222,129573,38906,,
DE,2005,16.777795,16.48,845,954,954,,
ID,2014,16.685546,20.63,1631,155482,147017,,
NH,1998,16.666768,11.46,1206,128574,40585,,
ME,2014,16.647911,22.71,1331,157640,157640,,
NH,1997,16.617908,12.09,1189,126018,42282,,
ME,2013,16.60133,21.72,1328,161899,161899,,
NH,2010,16.591043,24.23,1317,157531,43499,,
DE,2007,16.542561,21.06,872,1530,1530,,
ME,2016,16.461775,16.71,1331,134140,134140,,
ID,2007,16.347573,15.91,1505,125621,125388,,
NH,2011,16.231166,27.76,1320,132424,44916,,
DE,2004,15.996264,14.01,831,1435,1435,,
ID,2010,15.994652,17.18,1571,132518,124752,,
DE,2000,15.962881,10.41,786,2290,2290,,
ID,2006,15.838995,15.07,1469,146507,146507,,
ME,2012,15.831098,21.89,1328,156806,156806,,
ID,2011,15.810097,19.69,1584,177074,169491,,
ID,2005,15.805056,13.65,1428,121084,121084,,
DE,2003,15.785768,12.3,818,1401,1401,,
DE,2006,15.727547,19.76,859,871,871,,
ID,2000,15.691397,9.04,1299,141448,140733,,
ID,2012,15.678515,20.25,1595,155178,148420,,
ID,2004,15.650187,11.68,1392,112379,111860,,
DE,2008,15.618797,24.35,884,2951,2951,,
ID,2001,15.611259,9.78,1320,105045,104276,,
ID,2008,15.567366,18.09,1534,133541,128460,,
SD,2014,15.493402,20.37,849,249137,79222,,
DE,2001,15.489089,11.24,796,1324,1324,,
SD,2013,15.458342,20.23,842,237030,69102,,
DE,1997,15.361104,9.75,751,2203,2203,,
DE,2002,15.24022,11.17,806,1314,1314,,
NH,2015,15.200789,22.63,1336,152673,53488,,
ID,2009,15.188878,15.56,1554,134502,132809,,
DE,1999,15.131386,9.51,775,2001,2001,,
SD,2010,15.104281,17.22,816,225510,68210,,
ID,2002,15.035146,9.95,1340,113779,112750,,
NH,2014,15.009389,27.85,1333,161839,55489,,
SD,2012,15.006836,21.04,833,243435,83396,,
SD,2008,14.998786,19.66,799,155819,34074,,
SD,2016,14.995021,15.01,863,234526,82703,,
ID,1999,14.9665,7.61,1276,167747,167141,,
DE,1998,14.95191,9.32,763,1936,1936,,
SD,2009,14.764784,15.43,807,191129,51099,,
SD,2011,14.641831,20.45,823,248494,94481,,
NH,2012,14.558496,28.43,1324,129990,44175,,
ID,2003,14.424383,10.7,1363,109553,108368,,
NH,2013,14.31227,27.73,1326,167007,52833,,
SD,2015,14.254485,16.3,854,227130,72698,,
SD,2000,14.187822,10.54,756,71314,60512,,
ID,1998,14.101458,7.37,1252,160202,159536,,
SD,2007,13.905572,17.69,792,126148,32789,,
RI,1998,13.893596,9.5,1031,4197,4197,,
ID,1997,13.843487,7.89,1229,179342,178765,,
SD,2002,13.821476,10.09,760,63264,46542,,
SD,2004,13.79981,12.8,770,92723,40115,,
NH,2016,13.752911,21.03,1342,163478,50927,,
SD,2003,13.715906,11.17,764,75918,46142,,
RI,1997,13.625036,11.07,1025,4347,4347,,
SD,2001,13.477568,11.05,758,49691,37753,,
SD,1999,13.452105,8.58,750,80564,70397,,
SD,2006,13.390671,16.84,783,123693,37450,,
DE,2012,13.377891,24.73,915,3520,3520,,
DE,2016,13.309544,18.51,949,3409,3409,,
SD,2005,13.301798,15.18,775,102808,34687,,
SD,1997,13.27102,9.05,744,105290,94209,,
RI,1999,13.238752,9.93,1040,4403,4403,,
DE,2013,13.110057,24.13,924,3816,3816,,
DE,2015,12.847488,20.05,941,3815,3815,,
SD,1998,12.840725,8.28,746,71472,60725,,
DE,2014,12.745682,23.8,933,4246,4246,,
RI,2001,12.295317,14.05,1057,3898,3898,,
DE,2011,12.249778,25.3,907,3969,3969,,
DE,2009,11.981532,21.23,892,3575,3575,,
RI,2000,11.740638,13.14,1050,4520,4520,,
RI,2002,11.722291,12.72,1066,3699,3699,,
RI,2003,11.510451,14.28,1071,3787,3787,,
DE,2010,11.272409,23.49,900,3577,3577,,
RI,2009,11.24571,21.52,1054,3543,3543,,
RI,2005,11.204502,19.02,1068,879,879,,
RI,2007,11.071046,22.96,1057,2780,2780,,
RI,2011,11.045627,26.17,1054,3444,3444,,
RI,2010,11.016609,23.62,1054,3424,3424,,
RI,2004,10.94164,16.01,1075,3846,3846,,
RI,2015,10.900181,22.57,1056,4109,4109,,
RI,2008,10.671282,26.42,1055,2946,2946,,
RI,2014,10.645255,26.55,1056,4404,4404,,
RI,2012,10.541459,26.57,1055,2879,2879,,
RI,2006,10.524651,22.56,1063,2630,2630,,
RI,2013,10.150881,26.21,1055,2681,2681,,
RI,2016,9.749477,21.17,1057,4114,4114,,
VT,2004,7.032695,15.96,620,62271,22040,,
VT,2005,6.809392,18.66,621,66815,24325,,
VT,2000,6.750987,13.6,610,68821,21389,,
VT,2006,6.683664,21.03,623,80881,27595,,
VT,2001,6.612325,13.9,612,60900,17341,,
VT,2003,6.602036,14.66,618,70371,24054,,
VT,2007,6.511669,22.9,623,67989,18652,,
VT,1999,6.499816,11.69,605,63218,20800,,
VT,1997,6.489952,11.4,597,64725,19949,,
VT,2002,6.358235,13.8,615,64091,22714,,
VT,1998,6.256511,11.08,600,55515,20290,,
VT,2009,6.175924,21.15,625,87639,31572,,
VT,2015,6.161364,21.31,625,30551,30551,,
VT,2016,5.954931,19.87,624,28443,28443,,
VT,2008,5.943214,27.01,624,78193,27029,,
VT,2014,5.902009,27.69,625,85902,32973,,
VT,2010,5.895783,23.65,626,80702,30716,,
VT,2011,5.821912,27.91,627,80646,29295,,
VT,2013,5.759173,28.26,626,84095,33455,,
VT,2012,5.465304,29.06,626,78283,25999,,
DC,2000,4.293898,14.58,572,1354,1354,,
DC,1997,4.254097,13.19,568,1378,1378,,
DC,2002,4.172307,14.62,573,880,880,,
DC,1999,4.150251,13.28,570,1259,1259,,
DC,2001,4.078289,15.21,575,866,866,,
DC,1998,4.074617,13.2,565,1222,1222,,
DC,2004,4.00051,16.74,568,943,943,,
DC,2003,3.922428,15.82,569,925,925,,
DC,2005,3.918916,20.08,567,47,47,,
DC,2007,3.37649,24.57,574,55,55,,
DC,2010,3.211689,25.7,605,106,106,,
DC,2006,3.180188,24.03,571,51,51,,
DC,2009,3.174372,24.38,592,48,48,,
DC,2008,3.082056,27.52,580,64,64,,
DC,2011,3.081003,26.59,620,278,278,,
DC,2014,3.019504,24.92,663,345,345,,
DC,2015,2.986004,23.1,675,848,848,,
DC,2013,2.827055,24.7,650,306,306,,
DC,2016,2.763911,22.36,687,1121,1121,,
DC,2012,2.64867,25.42,635,274,274,,